First ID,Loci typed,Second ID,Loci typed,Matching loci,Mismatching loci,pID,pIDsib,Status
L2691,839,L5043,999,810,28, 0.00000000000000E+0000, 0.00000000000000E+0000,Fuzzy match
L2691,839,L5368,999,799,39, 0.00000000000000E+0000, 0.00000000000000E+0000,Fuzzy match
L2771,994,L5223,998,969,25, 0.00000000000000E+0000, 0.00000000000000E+0000,Fuzzy match
L2831,1001,L5052,1001,968,33, 0.00000000000000E+0000, 0.00000000000000E+0000,Fuzzy match
L3081,997,L5059,997,958,39, 0.00000000000000E+0000, 0.00000000000000E+0000,Fuzzy match
L3721,998,L5356,998,979,19, 0.00000000000000E+0000, 0.00000000000000E+0000,Fuzzy match
L5043,999,L5368,999,977,21, 0.00000000000000E+0000, 0.00000000000000E+0000,Fuzzy match
